954745,Tam-Hokage2
956727,Dung-Alias
956800,Ba-Nghiep
956896,Messi
957809,Doan-Hoa-Du
961432,Songoku
968836,Chu-Le-Minh
970820,Ong-But
975839,dung-Halo
980423,Ba-la-chanh-24
981185,ten-nghe-danh-dai-oi-la-dai-luon-do
983149,Dung-Haloo
984209,Tuanz
989082,Lam-Duy
989944,Khang-Do
992028,Huy-Indie
993065,Trinh
993105,Anh-Vu-AD
994612,DJ-Anh-Huy
994614,DJ-AnhHuy
996579,RunC
997636,KuB
999525,Kanna
999940,gaquay
1001182,PEO
1003753,Khanh-Lam-BQB
1004732,Nhat-Tieu-Thien-Nam
1007915,yoong-nhi
1008519,Ben-B
1008563,JUSTIN-THAI-QUOC
1010892,NHAM-BLOCK
1011284,Linhht
1011807,AlexD
1011811,Johnny-Nguyen
1011919,VANS
1011920,Dong
1012520,KanuTrung
1012521,MINTHUHAI
1012916,Dat-Dat
1012938,K-A-I
1014541,TRAN-THANH-THUY
1019906,SGD-Ballad
1019972,Trung-Thong
1020214,Ly-huy-bao-singer
1042194,Phan-Tran-Cong-Hieu
1047815,MP-555
1091431,Khoa-Pham
1093343,Xuan-Nui
1096988,hypeventure
1097056,Wings-production
1099304,Nguyen-Thi-Thai-Thuy
1106389,Nguyen-Vuong
1109585,Cong-Anh-A98
1112884,hieu-khang
1125678,Long-Nhat-Hoang
1126365,Mr-Dolo
1126479,Patrick-Sang-Tran
1130116,Mai-Xuan-Linh
1139835,Phuc-Ray
1140217,Thich-Nhat-Tu
1140506,Hoang-Loc95
1142224,Luu-Hoang
1142228,Hoang-Loc-NDM
1143798,XuanThu-Nguyen
1144244,Thien-Duyen
1149962,chihung2k
1150165,Hoa-chi-dinh
1150568,Le-Dang-Bach
1152210,Zui
1152563,Khanh-pham
1153518,Do-Khoa-HK
1155970,Hien-Kun-s
1156959,Le-Phap
1157331,Trinh-Minh-Nghia
1160927,Chau-Tham--Zhou-Shen-
1160993,Buoc-Nhay-Official
1161044,S-O-U-Team
1161250,Zin-Zin
1161345,Duc-Pham-0804
1161854,Tran-Hoang-Vi
1167024,NguyenDucHiep
1168506,Thien-Le
1180656,Thang-Tran
1180867,Vu-Thang-Loi
1182599,AnAn
1188631,Giang-Thao
1189123,Pham-The-Luc
1189358,Le-Na
1189788,Zino-a-k-a-Tu-Tran
1193196,Viral-5
1193834,SanBa
1195619,ChillDong
1196790,Giang-Coi-Dc
1200166,thanducluong
1209344,Uyen-Thao
1210039,LOV
1213433,Dai-Vi
1214063,MrChem
1216710,Dang-An-Nhien-KG
1216711,An-Nhien-KG
1216894,Doan-Lam-Tat-Linh
1218354,WMOIvan
1223976,VAN-THANH
1241371,Lucas-Ma
1243200,TFA
1254170,Censored-X
1255407,KIRA-KIRA-P336
1257825,Hai-Duget
1257826,Thien-Tong-Tan-Dieu
1264917,Be-Oanh-cover
1265700,Duong-Dem
1286374,Hao
1294762,L-Fujng
1302512,Poppy-Fairy
1318468,RyanXtreme
1340609,Peter-Tran
1365023,Gia-Nhat
1366759,Nguyen-Dang
1389686,Hoang-ToP
1403944,Ho-Khanh-Thy
1435268,QUACH-BA-TRIEU
1435642,Tuan-Bao-Khang
1438208,Hieu-Boy
1444172,THOACC
1461886,MaiKy
1462073,anime-list
1463685,adedmusicgroup
1491198,AnKun
1491587,NGUYEN-QUOC-CUONG
1492331,Vu-Tru-Music
1492539,Hoang-The
1492541,https://www.facebook.com/kienkcnhu
1492542,Tran-Hoang-Hiep
1492543,DJ-Ku-Phat
1492545,NuiKaa
1517763,Anh-Quoc-Bolero
1568533,NguyenTuan
1597164,Son-Hoang
1603742,Vitamin-VinhHa
1606413,TyRay
1606882,DoNguyen
1620854,Diem-Ngan
1621985,lamvoi
1634388,Luc-Van-Phu
1634579,Huynh-Tung
1635306,Lam-Nguyet-Anh
1645272,Son-KB
1645466,BTN-LongCa
1660865,Vy-Hoang
1661562,RubiR
1667040,tienvamco
1691479,Van-Thanh
1697740,HuyPham
1701345,Luong
1703287,Bui-Van-Nam
1709120,Truong-Quang-Khoa
1709388,Truc-Ban-Bun
1714630,Hoang-Le-Anh
1718311,Phuong-Thao-Chi
1718752,Quan-Blue
1719915,Son-Singernew
1720090,Ta-Manh-Tuan
1721273,Thanh-Chan
1750781,Hai-Lua
1761848,TRONG-DO
1765046,H5G842020
1765203,Cao-Van-Nguyen
1766504,HwangCho
1776828,Qiong
1787888,Bup-NB
1788595,RIMCS-Music-Record
1788851,RIMCS-Music-Records
1798735,Phan-Nguyen-Ca-Ca
1812481,Doremon
1852205,Tu-CuTe-SG
1853822,Tran-Quang-Duy-Violin
1854398,Sothado
1859156,Hai-Dang-Le
1861033,JAYY-D
1861092,HuyenHuyen
1861678,Thanh-Chuong-Le
1863202,TrungNT
1863384,Brian-Ho
1863873,Minh-Quang-Ta88
1864804,The-Hoan
1864825,Joseph-Kwon
1865660,VO-VAN-QUY
1865745,dnh6699
1865747,Dydy-Lam
1866056,T-D-K
1866082,Ericka
1866305,Ca-sy-noi-tieng
1866387,Anh-Taki
1867445,NPROX
1867934,Dang-Van-Su
1868132,Michael-Duy
1868176,A-Thon
1869254,Sunshine-In-The-Rain
1869261,gospelteenager
1869331,XPFilm
1870354,AnHa
1870861,Tran-Quoc-Hung
1871969,Phu-Binh
1872226,Dat-Le
1872340,Bear-Bae
1872678,2Em
1873038,hpsbum1997
1873062,XONE-RADIO
1874067,JayD
1874514,Hien-David
1874690,Nhat-Bao-Luan
1874991,Vu-Hoang-Lam
1875088,Kyet
1875110,Beo-Ca-Ca
1875408,htranh
1875438,Duong-Ngoc-Anh
1876394,Hung-Rui
1877468,Tuan-Ngoc-N2LV
1878933,Thuyet-Quang
1880408,ThuKa
1880993,Tin-Tran
1881118,LEPHU
1881312,khang-kye
1882150,Cenhomes
1882415,kim-Dong-khanh
1882871,Thie
1883479,honhuhoa
1883862,Ca-si-Thai-Nguyen
1883864,Dong-Khanh
1884286,6A1
1884393,Thich-That
1884791,Truong-Rick---JBad
1884821,Minh-Tu-Pham
1884883,Nhatngujunko
1886266,Sodier-Nguyen
1886449,Ng-Linh
1887688,Ha-Nguyen-IT
1887974,Anh-Mono
1889087,quoctien-lam
1892435,Truong
1893006,Flames-Horizons
1895788,ngoxuanho
1896502,phanduongthienduyen
1897537,Nhu-Y-Dao
1897697,Yen
1898193,Vu-Hien-Guitarist
1900175,Kendy-T
1901843,Anh-Phan
1902196,Viet-Hoang-Judge
1902606,Gia-Thinh
1903522,KietBBX
1904435,Cung-Hanh-Phuc-Books
1904728,Pham-Hong-Phuc
1904994,Duong-Ky-Han
1907493,Nam-Le
1908167,HarryLuu
1908605,IVil
1908873,Nquan3334
1908897,Tun
1909093,JinZoo
1909129,Halo-King
1910272,BoKhoDirector
1910661,Eastside-Sound
1911123,Nguyen-Chi-Tuong
1911163,GBikey
1911171,the-mix
1911274,Dinh-Linh
1911275,Dinh-Linh
1911312,KieuNiOfficial
1911815,VKichiD
1911872,FUSHEN
1912072,Unknow
1912079,Duc-Hanh-Official
1912082,Hai-Luc-Binh
1912270,Doanh
1912508,Huynh-Quang-Tri
1913230,Thanh-Hieu
1913423,kiettuantran
1913571,khang
1913739,JonhNy-Nguyen
1915309,Kerenza
1915481,Xuan-Toan
1915491,whii
1915927,HO-HANG
1915984,Nguyen-Nhat-Thanh
1915985,Lemon-music
1916629,Vanh08
1916680,Turner
1916976,Thu-Nam
1917691,Yen-Co-Nguyet-Yue-Zhang
1918135,vuong-Indie
1918156,Duc-Tuan-iTV
1918216,star7498
1918223,QUOC-VIET
1918244,Ky-Anh-OFFICIAL
1918471,Hoan-Tran
1918480,Trung-Hieu
1919419,KiyoshiPhan
1919662,Young-Sasori
1921546,RainNguyenbao
1921607,WIND
1921901,Bau-Da
1921976,Dinh-Duc
1922516,AnhTu
1922531,DINH-MINH
1923348,HTO-Group
1923993,Abilene
1924370,Tu-Le
1924432,Phat-Huy-T4
1924840,De-tu-Dai-Phap
1925006,Tue-Thuan
1925452,Pi-Tee
1925453,PHUNG-VAN-DUC-MUSIC
1925798,Mr-G
1926229,Khanh-bui
1926602,Hoang-Vuong
1927327,gi-cung-dc
1928059,THIEN-SU
1928832,DragonZXD
1928927,HONG-TAM-VU
1928951,minhducpro
1929093,lowkey
1929216,Sai-Ca
1929361,Van-Chac-RumBa
1929545,Vcyder
1929701,PHU-DON-NGUYEN-VU
1930003,Tieu-Uyen
1930012,Rosie
1930548,Phuong-kennet
1930738,Khang-Beat
1931367,Yuu13
1932297,Saka-Yen-Nhi
1932309,Pham-Thanh-Dat
1932976,Quan-Vu
1932985,https://zingmp3.vn/nghe-si/Chau-Gia-Chuyen
1933659,Lina-Trieu
1933682,Mom
1933954,XD1409
1934144,Chiridomi-Kuro
1934552,Giau-Ten
1934785,Hua-Giai-Ky
1934840,Soc-Time
1934999,Thanh-Tuan-Official
1935005,Vu-Cong-Minh
1935147,tedomotoji
1935161,Turner-Music
1935267,Lam-Khanh-Vu
1935477,Shen
1935479,TheCity
1935690,Tung-Chu
1935691,minh
1935769,Nguyen-Khoa
1936649,Truong-Ka
1937113,Chin-Muoi-Chin-9M9
1937243,Thai-Kim-Quan
1937514,Nhac-si-Nguyen-Anh-Tri
1937527,ThienSu
1937939,Le-Thanh-Diep
1937994,Lam
1938645,Dzung-Accoustic
1938660,Nhok
1939986,Tu-Hoang
1940164,Mayble0903
1940819,Duong-Chinh
1941599,T3KM
1941618,Amazing-Now
1941619,HaKim
1943012,Tran-Minh-Vuong
1943160,Cuong-Meo
1943180,Vo-Thanh-Tuan
1943183,Vo-Tuan-Huynh
1943735,Thanh-Huyy
1944429,Cong-Diep
1944840,Nguyen-Huu-Lieu
1945294,Phong
1945295,kiennguyen
1946943,Misspuyn-TA
1947262,Minh-Que
1947422,garoro
1948322,Tre-Lung
1949542,Media4u-HoangAnh
1949731,thich-phuoc-hai
1949733,Xueran-Chen
1950151,Duong-Vo-Tinh
1952220,NQK
1952221,nguyenphamphuong
1952847,MasterD
1953213,Phan-Van-Bang
1953241,Lisa-Thuy-Lam
1954599,HTKHoangTuanKiet
1954612,LAN-MI
1956344,TrangVN
1956411,THE1ST
1956623,Thuann
1956633,Minh-Thanh
1960615,Fire-Red
1960845,Khangg
1961169,Dinh-Viet-Quyet
1961288,Elvis
1965701,Cong-Nguyen
1966522,Thanh-Huy
1970857,Lil-Koon
1971126,Duc-Anh
1971844,Lazy-Cat
1974847,Testing
1978877,NCT
1979162,CRiD-Duong
1979471,Hoang-Phuc
1980804,Thach-Dung
1981321,Tom1502
1981435,Wind
1981494,To-Thai-Son
1982433,Phan-Bao-Nam
1982451,PG-Entertaiment
1982461,gnuthnaod
1982469,JudyBui
1983056,Shelby--DAN
1983068,Nhut-Hao
1984944,Bender
1987475,DCi
1990234,ku-b
1993859,DJ-HieuHaoHoa
1993966,Cutie
1997123,TanPhat
1998757,Do-NXD
2005503,DHK
2006175,KGrai
2006190,Nguyen-Minh-Vuong
2006359,Zhang-Qingxiong
2009399,csc
2009972,Sang
2009996,Ru-Radio
2010276,Duy
2019825,Anh-Duy-VST
2031557,onian
2031770,Thiennneeee
2031817,HR-Music
2040833,Pham-Thanh-Huy
2046112,Luong-Nguyen
2046135,Duc-Khanh-KT3
2047486,Hoang-Ly
2050181,Doo-Cheon
2061324,Dinh-Loc
2066465,Thanh-Dang
2067700,Joni
2068294,Nguyen-Le-Hoang-Anh
2071865,Khoi T Nguyen
2074997,UBI
2079140,Cui-muc
2081021,Tinh-Thuy--Da
2086069,RYTIS
2086086,TRIS-T
2086794,TNT-Music
2087231,An-Moon--An-Hua-
2087609,Nhut-Felix
2088716,Ky-Lan-Luxury
2090454,datmiss
2100920,NMH-SON
2101416,Yin
2109398,Dang-Hieu
2120052,Gop-Nhat-Thang-Tram
2127734,Do-Nguyen
2132441,Hoang-Qui
2136055,Hoang-Nghiem
2136592,Phan-Thanh-Chung
2137119,Huong-Viet-Media
2153600,Trung-Le
2162880,Ben-Brown-Music
2162911,tuken
2165437,Le-Hoang-Linh
2168563,DuyLam
2174733,Cat-Do
2191619,Nag-Matthew-Do-Binh-An
2195684,Duong-Tuan-Khang
2200528,OneForAll
2205084,Do-Hoang-Long
2205448,Thanh-Bolero
2206242,NhutFelix
2214242,DJ-HuyBirthday
2214279,Minh-dep-trai
2214818,Lumen-Choir
2214909,NS-Nguyen-Dung
2215654,Van-Tai
2215966,Quang-Dao-Walnut
2219724,LuSpade
2219743,Hoang-Phuoc-Hai
2220227,LINK-BAND
2228517,vicosap
2228900,Pham-Van-Bay
2231515,Tien-Seven
2233873,Tung
2233990,Hien-GL
2236628,Thanh-Beso
2239012,Hoang anh
2239986,Cao-Truong-Thinh
2240233,Huynh-Media
2240378,Pminh
2240773,PaulT
2240837,Hoang-Hieu-Manh
2241574,David-Lu
2241659,SKY-KHOA
2243391,ananh
2244495,DVLTTruongTan
2245034,Tao-choi-cho-vui
2245587,POG
2245631,hp1206
2245737,Cong-Ty-Kien-Vang
2246035,Harris-N
2246317,day-lai-xe
2246996,Annie89
2247501,Thay-Hung
2248030,Dung
2248824,Manh-Dung
2248884,Bui-Thai-Khang
2249523,Friedbau
2249633,InBinhAn
2250094,Dinh-Nhu-Khai
2250181,Thao-Anh-Cover
2250855,Duong-Nguyen-89
2251025,Thuong-Han
2251026,NT318
2251118,Chien
2251379,hcthanh
2251572,Ying-Z
2251904,Phan-Nhan-Tan
2252014,Phan-Tuong-Vi
2252097,Truong-Phenh
2252142,Khang-K
2252490,Dj-Trong-Nghia
2253436,nguyenmanhdung2k5
2253637,TrieuHoangKhanh-x-TylerHoang
2253647,Leethin
2253649,DT0710
2253652,Trinh-Long-Vu
2253653,Tran-Dang-Dang-Dong
2253665,Vo-Chi-Di
2253677,Tran-V--Anh
2253678,DJ-Le-Viet-Hoang
